token	corpus_slbl_historique	corpus_discours
，	2560	1475
 	2446	128
的	2221	676
。	1373	706
、	725	704
了	473	151
在	403	152

	373	434
和	363	246
“	292	298
”	290	298
是	289	111
中国	234	207
西域	215	1
丝绸之路	215	57
与	213	9
年	203	62
有	181	31
）	175	12
印度	175	2
（	175	12
也	173	54
中	155	25
《	146	16
》	146	16
：	140	64
—	124	83
人	119	9
到	118	33
世纪	114	8
上	110	52
这	102	18
丝绸	100	1
而	96	5
为	96	112
丝路	94	15
从	93	21
今	92	1
海上	90	14
佛教	86	3
就	84	20
于	84	5
文化	82	15
等	81	70
公元前	81	1
但	78	12
·	76	3
被	69	1
都	68	26
时	65	2
至	62	1
后	62	6
之	62	21
对	61	40
他	60	9
-	59	36
历史	59	31
地	59	10
地区	59	28
记载	59	1
还	58	12
贸易	58	27
又	56	2
并	56	23
成为	55	21
由	55	3
将	55	103
一个	54	21
时期	54	4
发展	53	232
以	52	34
发现	51	1
这些	51	9
它	50	2
当时	50	1
古代	49	1
张骞	48	2
其	46	3
就是	45	13
已	44	1
前	43	8
经	43	1
或	42	1
已经	40	11
他们	39	6
大量	38	1
反映	38	1
这里	37	13
曾	37	1
汉代	37	3
各国	35	94
中亚	35	5
之间	35	3
即	35	1
进入	35	4
长安	35	2
所	35	1
经济	34	88
国家	34	65
重要	34	23
通过	33	13
关系	33	22
使	33	7
来	32	5
由于	32	1
；	32	10
开始	31	2
开辟	31	17
道路	31	20
繁荣	30	14
西方	30	3
出	30	9
贵霜	30	1
世界	30	74
还有	30	2
可以	29	14
说	29	10
影响	29	3
下	28	11
大	28	23
人们	28	4
向	28	27
以及	28	4
埃及	27	1
:	27	9
安息	27	1
同时	27	6
认为	27	4
罗马	27	1
多	26	33
形成	26	16
这条	26	2
其中	26	3
吐鲁番	26	1
成	26	1
不断	26	24
以后	25	1
泉州	25	1
5	25	15
东西方	25	6
敦煌	24	1
交流	24	35
一些	24	4
起点	24	7
文化交流	23	1
此	23	3
1	23	6
活动	23	3
西亚	23	2
陆上	23	8
欧洲	22	3
最早	22	1
中心	22	8
位于	22	1
不	21	26
使者	21	4
考古	21	1
路	21	18
新疆	21	1
传入	21	1
着	21	16
没有	21	9
包括	21	8
生动	21	1
说明	21	1
生活	21	9
早期	21	1
月	20	16
民族	20	11
来自	20	9
著名	20	5
商品	20	6
主要	20	3
政治	20	7
得到	20	6
出使	20	2
港	20	4
由此	19	2
经过	19	1
广州	19	2
技术	19	8
再	19	2
受到	19	3
地位	19	1
把	19	19
形象	19	2
逐渐	19	1
进行	19	6
高	19	2
随着	18	3
更是	18	3
学者	18	2
这个	18	5
到达	18	1
新	18	62
发生	18	4
建立	18	14
时间	17	3
早	17	2
之一	17	1
交往	17	20
过	17	6
作为	17	3
港口	17	7
可	17	22
国	17	12
用	17	4
方面	16	13
交通	16	3
2	16	9
生产	16	5
后来	16	2
通道	16	6
年代	15	1
起	15	5
设立	15	7
这样	15	7
一条	15	8
商贸	15	1
一	15	4
喀什	15	1
不仅	15	3
最	15	7
其他	15	13
北方	15	1
当地	15	5
20	15	8
草原	14	1
3	14	6
要	14	84
丰富	14	7
很	14	4
研究	14	3
记录	14	1
社会	14	14
使用	14	2
约	14	1
亚历山大	14	1
有着	14	1
自	14	1
还是	14	2
不同	14	15
绿洲	13	1
道	13	1
一起	13	5
很多	13	8
往来	13	9
经营	13	1
个	13	9
阿拉伯	13	2
政府	13	12
这是	13	12
6	13	1
势力	13	1
众多	13	1
应该	13	11
根据	12	2
最后	12	2
促进	12	29
沙漠	12	1
一位	12	2
蒙古	12	1
达	12	3
4	12	10
东方	12	1
日	12	14
地方	12	8
充分	12	4
两个	11	3
提供	11	26
初	11	4
这种	11	4
自己	11	10
获得	11	1
去	11	2
法	11	1
密切	11	5
如	11	1
存在	11	1
30	11	5
通往	11	1
及	11	6
流域	11	3
利用	11	1
宁波	11	1
养蚕	11	1
从此	11	2
以来	11	4
基本	11	2
不少	11	2
称为	11	1
14	10	6
具有	10	8
比	10	1
各种	10	10
人民	10	88
那	10	5
航海	10	2
12	10	4
信息	10	4
一带	10	211
下来	10	2
才	10	4
日益	10	3
好	10	29
情况	9	1
大规模	9	4
我们	9	216
元	9	1
证明	9	2
更	9	49
频繁	9	1
传统	9	3
们	9	75
22	9	1
走向	9	2
联系	9	12
内	9	5
它们	9	1
时候	9	1
当	9	1
13	9	3
出发	8	1
宗教	8	1
不能	8	1
南亚	8	2
则	8	2
中外	8	1
保持	8	3
19	8	1
目前	8	2
对于	8	1
两次	8	2
通	8	2
里	8	3
看	8	4
？	8	9
君士坦丁堡	8	1
作用	8	6
城市	8	6
各	8	11
融合	8	9
而言	8	4
11	8	3
7	8	2
最大	8	3
意大利	8	1
富有	8	2
兄弟	8	2
需要	8	15
印度河	8	1
50	7	2
16	7	3
接受	7	2
给	7	2
过程	7	2
如果	7	2
正是	7	3
许多	7	4
如今	7	1
加强	7	51
曾经	7	4
产生	7	2
有关	7	9
创造	7	12
瓷器	7	2
表明	7	2
发挥	7	6
了解	7	2
中叶	7	1
前往	7	1
非	7	3
上述	7	2
非洲	7	3
打通	7	3
在内	7	3
不是	7	9
恒河	7	1
起来	7	5
从事	7	1
再次	7	4
巨大	7	3
皆	7	1
里海	7	1
应	7	3
一座	7	3
进一步	7	5
更为	7	1
贡献	6	11
时代	6	18
方式	6	6
文明	6	27
间	6	3
见证	6	5
副	6	2
农业	6	2
第一	6	8
像	6	5
大陆	6	1
17	6	3
多年	6	8
条件	6	1
仍	6	3
提出	6	23
越南	6	1
为了	6	3
看到	6	4
展现	6	2
目的	6	2
胡椒	6	1
成功	6	2
十分	6	3
市场	6	14
拜	6	1
我	6	55
更加	6	35
伊斯兰教	6	2
只有	6	2
进口	6	4
突出	6	2
人口	6	2
广泛	6	7
才能	6	5
网	6	1
经常	6	1
亚洲	6	8
沿线	6	10
商队	6	1
同	6	77
60	5	2
陆续	5	1
产	5	1
之中	5	1
内容	5	6
能	5	7
但是	5	1
长期	5	6
本身	5	1
来到	5	8
不可	5	3
沿途	5	2
工场	5	1
那样	5	1
连接	5	4
沿着	5	4
独立	5	2
普遍	5	4
友好往来	5	1
真实	5	1
是否	5	9
形势	5	2
’	5	1
继续	5	39
几个	5	3
既有	5	3
分别	5	1
得	5	7
迎来	5	2
2005	5	1
方向	5	8
久远	5	1
通商	5	1
等国	5	2
15	5	7
黄金	5	1
开放	5	37
国际	5	105
畅通	5	8
及其	5	1
9	5	5
抵达	5	2
香料	5	1
稳定	5	17
努力	5	10
出来	5	4
做	5	7
东南亚	5	4
重新	5	1
机会	5	3
强大	5	2
强烈	5	2
‘	5	1
商旅	5	1
变成	5	4
一次	5	1
留下	5	5
会	5	8
26	4	3
国力	4	1
联结	4	2
2000	4	3
70	4	4
在于	4	5
特别	4	3
期间	4	9
消费	4	1
完全	4	2
21	4	3
导致	4	1
不再	4	1
涉及	4	1
大力	4	3
阶段	4	6
如此	4	1
使节	4	1
之际	4	2
虽	4	1
穿过	4	1
产品	4	5
美丽	4	5
这次	4	7
第二次	4	1
正	4	8
32	4	1
超过	4	3
四	4	1
汉唐	4	1
酒泉	4	1
动荡	4	2
多次	4	2
属于	4	4
越过	4	1
二	4	4
23	4	2
报告	4	3
经贸	4	10
56	4	1
送	4	1
明代	4	2
让	4	36
浩瀚	4	2
清晰	4	1
18	4	4
取得	4	13
广西	4	1
友谊	4	13
现在	4	4
共同	4	82
2014	4	2
带动	4	1
开展	4	20
发祥地	4	1
至今	4	2
明确	4	6
万里	4	1
放弃	4	9
遍及	4	1
代表	4	15
故事	4	4
难以	4	1
中国政府	4	12
终于	4	2
当然	4	1
2013	4	5
汉语	4	3
55	4	1
比如	4	1
天下	4	2
640	4	1
古老	4	4
先生	4	30
掌握	4	2
奇迹	4	1
土耳其	4	1
机遇	4	12
举行	4	11
带来	4	10
叫	4	2
印度洋	4	2
各个	4	1
遗产	4	3
百姓	4	1
凿空	3	1
140	3	2
200	3	1
相信	3	8
弘扬	3	5
威胁	3	2
强制	3	1
一片	3	4
三	3	1
清单	3	4
长久	3	1
破坏	3	1
之路	3	1
热点	3	2
人类文明	3	5
岁	3	3
援助	3	5
流传	3	1
远洋	3	2
传播	3	1
创意	3	1
十年	3	4
相近	3	2
土地	3	4
绘	3	4
不知	3	1
丰富多彩	3	2
末	3	1
基础	3	14
漫长	3	1
人类	3	20
追求	3	6
值得	3	1
变迁	3	1
仍然	3	1
完成	3	3
派出	3	2
后代	3	1
程度	3	1
描述	3	2
联合	3	7
区域	3	7
规模	3	4
支持	3	34
诸多	3	1
区	3	2
伟大	3	7
古城	3	2
双方	3	8
本人	3	2
范围	3	2
沉船	3	1
两	3	6
水平	3	8
一切	3	3
领土	3	1
云	3	1
精彩	3	1
肤色	3	1
一份	3	1
古	3	22
紧密联系	3	2
今天	3	17
独特	3	1
依靠	3	2
自古以来	3	1
透明	3	1
融入	3	4
拓展	3	6
她	3	1
名字	3	1
精神	3	10
居民	3	1
立即	3	1
持续	3	30
住	3	1
段	3	2
传到	3	1
基督教	3	1
欧亚	3	11
第一个	3	2
重镇	3	1
手中	3	1
英国	3	1
处在	3	4
生	3	6
足迹	3	1
融通	3	7
仅	3	1
重视	3	3
首先	3	4
遥远	3	1
显得	3	1
各类	3	2
外国	3	3
专家	3	1
综合	3	3
民间	3	4
视为	3	4
沟通	3	11
扩大	3	10
优美	3	2
面临	3	8
运输	3	3
状况	3	1
有利	3	1
挖掘	3	3
亚欧大陆	3	6
便利	3	2
自身	3	5
封闭	3	2
史诗	3	1
加以	3	1
汲取	3	1
身上	3	1
波罗	3	1
强国	3	1
商业	3	1
重大	3	8
延续	3	1
处	3	1
大事	3	1
2008	3	1
2010	3	1
达到	3	1
历程	3	2
成果	2	29
同样	2	1
其实	2	1
愿意	2	1
哈萨克斯坦	2	15
显著	2	1
奇珍异宝	2	1
输出	2	1
名	2	5
53	2	1
优越	2	1
制造	2	3
27	2	4
回国	2	2
38	2	1
新闻	2	2
和平	2	33
超越	2	3
开发	2	6
面对	2	2
问题	2	12
转移	2	2
近	2	3
空间	2	11
钱	2	1
高度	2	2
一支	2	1
推动	2	52
意义	2	4
一成不变	2	1
奠定	2	1
古国	2	1
严格	2	1
一句	2	2
一直	2	3
欢迎	2	10
前行	2	3
激发	2	1
1990	2	1
事	2	2
斗争	2	1
兴	2	2
翻越	2	1
克服	2	1
杭州	2	1
伴随	2	1
机构	2	1
延伸	2	1
主动	2	1
巴格达	2	1
摆脱	2	1
对外	2	3
越来越	2	8
拥有	2	1
经历	2	1
广阔	2	7
转化	2	4
远	2	1
码头	2	1
只是	2	1
宝贵	2	3
尽管	2	1
不会	2	6
离开	2	9
海	2	2
博物馆	2	1
崛起	2	1
必要	2	1
项目	2	29
积极	2	17
近年来	2	2
没	2	1
必须	2	3
正式	2	1
科技	2	10
儿子	2	4
合作	2	265
启动	2	5
中巴	2	1
抗	2	2
10	2	26
规定	2	1
对话	2	10
开拓	2	1
采取	2	3
领域	2	36
缅甸	2	1
既	2	2
加深	2	1
以下	2	4
满足	2	2
横贯东西	2	1
以此	2	1
往返	2	1
联通	2	22
网站	2	18
紧密	2	6
走	2	11
40	2	3
姑娘	2	1
变为	2	1
思想	2	3
与此同时	2	1
每年	2	4
国内	2	3
距离	2	2
驿站	2	1
而是	2	7
物质	2	1
格局	2	2
太平洋	2	1
极大	2	1
市	2	1
马可	2	1
自由	2	4
500	2	1
对立	2	1
最好	2	1
差异	2	1
37	2	1
实际	2	1
入海	2	1
辉煌	2	3
无论	2	1
用于	2	1
国际贸易	2	2
体系	2	9
体现	2	1
航海家	1	2
长大	1	1
撒马尔罕	1	2
关注	1	2
天	1	1
陕西	1	1
苏门答腊	1	1
进步	1	8
国外	1	1
一样	1	2
从中	1	2
物流	1	2
多样化	1	1
召开	1	1
举办	1	15
有序	1	2
办法	1	1
一加	1	2
服务	1	4
网上	1	2
表示	1	4
侧重	1	1
神奇	1	1
遭受	1	1
缩小	1	2
能力	1	4
四大	1	1
所在	1	1
自然	1	1
阿曼	1	2
线	1	1
坚守	1	2
规律	1	1
关键	1	5
压力	1	1
盛	1	1
伙伴	1	9
5000	1	2
关税	1	1
侧	1	2
主权	1	2
底格里斯河	1	1
过去	1	1
一批	1	3
对华	1	1
称赞	1	1
一定	1	6
理念	1	10
120	1	1
而战	1	1
纳入	1	1
使团	1	1
解决	1	7
柬埔寨	1	1
公路	1	6
各方	1	30
可谓	1	1
源于	1	2
舶	1	1
亚欧	1	2
总额	1	1
转变	1	1
报道	1	1
大门	1	4
规则	1	10
环境	1	13
哈萨克	1	3
历经	1	2
阿斯塔纳	1	2
事业	1	10
争议	1	1
始终	1	5
一年	1	1
加速	1	2
风	1	1
创新	1	30
通向	1	1
世代	1	1
亚麻	1	1
亲身	1	1
要求	1	3
要素	1	3
地域	1	1
什么	1	1
远方	1	3
利	1	2
实现	1	35
来华	1	3
05	1	4
一系列	1	4
针对	1	1
读书	1	2
做到	1	4
官	1	1
行为	1	1
人员	1	6
阻碍	1	1
一个个	1	2
得以	1	2
为此	1	3
渠道	1	4
完善	1	14
前进	1	1
必要条件	1	1
增加	1	3
最佳	1	1
选择	1	4
春秋	1	1
学会	1	1
标志	1	1
之所以	1	3
建成	1	7
辗转	1	1
发起	1	3
分析	1	1
跋涉	1	1
纽带	1	3
爪哇	1	2
天堑	1	1
到底	1	1
这一	1	6
信仰	1	1
文明史	1	1
化	1	1
深知	1	1
见到	1	1
即将	1	11
大道	1	2
态度	1	2
解除	1	1
先	1	1
友好关系	1	3
管网	1	3
效率	1	1
阿拉木图	1	6
匈牙利	1	1
中华文明	1	1
结合	1	2
创举	1	1
能够	1	3
动力	1	8
2004	1	1
本国	1	2
物资	1	1
为主	1	1
腐败	1	1
同意	1	3
海洋	1	4
打击	1	3
救援	1	3
2009	1	2
第一步	1	1
俄罗斯	1	3
大使馆	1	1
发布	1	5
强则	1	1
诚信	1	1
第二	1	7
求	1	1
直达	1	1
号	1	19
允许	1	1
学习	1	4
260	1	1
注入	1	4
展开	1	2
无论是	1	1
波兰	1	1
留学生	1	3
吸引	1	1
软	1	2
爆发	1	1
正在	1	4
权利	1	1
制定	1	7
漆器	1	1
财政	1	1
2006	1	1
飞	1	1
访问	1	21
研讨会	1	1
按照	1	2
计划	1	2
决定	1	2
想法	1	1
尼罗河	1	1
文化遗产	1	1
其道者	1	1
局面	1	3
坚实	1	4
成就	1	6
走廊	1	10
媒体	1	4
路径	1	2
两国	1	6
名义	1	4
具体	1	4
这项	1	1
多个	1	19
美洲	1	2
1.5	1	1
挑战	1	15
搞	1	7
一时	1	1
葡萄	1	1
源自	1	3
愿望	1	5
巴比伦	1	1
理想	1	1
感兴趣	1	1
最长	1	1
方便	1	1
友好	1	18
黄河	1	1
工程	1	5
寻找	1	1
东亚	1	2
政策	1	27
相关	1	4
行动	1	11
探索	1	5
刚	1	1
话	1	1
博览会	1	4
不懈	1	1
反对	1	7
评价	1	3
各自	1	4
加	1	2
相互了解	1	1
家人	1	2
驱动	1	3
各有	1	1
七	1	1
找到	1	2
命运	1	18
复兴	1	3
那时	1	1
使命	1	2
您	1	9
崇尚	1	2
宽	1	2
措施	1	3
金色	1	1
阿	1	1
衔接	1	1
良港	1	1
秩序	1	1
郑和	1	2
涵盖	1	1
辽阔	1	1
相连	1	2
帮助	1	6
接纳	1	1
建议	1	4
有力	1	4
希望	1	12
尽快	1	1
工作	1	5
难民	1	1
渴望	1	1
组织	1	32
重点	1	8
印度尼西亚	1	14
拉	1	1
相互	1	10
1000	1	5
外交	1	1
150	1	3
历史长河	1	1
进程	1	1
愿	1	9
是因为	1	1
妇女	1	2
61	1	1
民	1	4
现代	1	3
力量	1	7
观察	1	1
总结	1	1
幼发拉底河	1	1
未能	1	1
老	1	1
改革开放	1	4
每个	1	2
深刻	1	4
有效	1	9
优势	1	7
片	1	1
增进	1	4
前提	1	1
历来	1	1
现实	1	4
上海	1	6
对接	1	19
印尼	1	31
仿佛	1	2
一代	1	4
即使	1	1
枢纽	1	1
听到	1	2
